model,best_params,best_cv_pr_auc_for_selection,accuracy_mean,accuracy_std,precision_mean,precision_std,recall_mean,recall_std,f1_mean,f1_std,roc_auc_mean,roc_auc_std,pr_auc_mean,pr_auc_std
DecisionTree,"{""clf__max_depth"": 10, ""clf__min_samples_leaf"": 10, ""clf__min_samples_split"": 2}",0.5381726400612117,0.9624237532766264,0.0024300051813573374,0.6724352546034789,0.03243830065830846,0.4854612437371058,0.04159624747403043,0.5631246055936111,0.03488890645668507,0.911430807851888,0.017241389283632582,0.5888011771623638,0.03487256531466181
SVM,"{""clf__C"": 10.0, ""clf__gamma"": ""auto""}",0.6401286955828358,0.9188533735736086,0.0013956980389333274,0.36951635979513014,0.005939609951788622,0.8809431181844974,0.021665768974336468,0.5206054388165022,0.008769447121022617,0.959898022664279,0.006844514084464043,0.6717428004293756,0.02252959048859793
IsolationForest,"{""clf__contamination"": 0.03, ""clf__max_samples"": 0.5, ""clf__n_estimators"": 200}",0.02896823926223873,0.536827240275113,0.0021346422278576958,0.08689973107952362,0.002109801032308257,0.8686855290303566,0.021933001394576875,0.15799430998854583,0.003849135022454274,0.7991272401962405,0.014554199271106738,0.3142508561301519,0.04384150357096685
