accuracy_mean,accuracy_std,precision_mean,precision_std,recall_mean,recall_std,f1_mean,f1_std,roc_auc_mean,roc_auc_std,pr_auc_mean,pr_auc_std,model,params,is_best
0.9604885881101513,0.0019785011716379206,0.6686374395389524,0.02852266086740784,0.4961190127913852,0.05314046271030205,0.5679354426569105,0.03630401574961404,0.9212912462330742,0.014773997310320041,0.5957024359759318,0.0430769526251086,DecisionTree,"{""clf__max_depth"": 10, ""clf__min_samples_leaf"": 10, ""clf__min_samples_split"": 2}",True
0.9245916513154937,0.005343371946766893,0.4004066792590855,0.019052880979140513,0.8641561109209175,0.025266785705834252,0.5469617753064497,0.018585640911234876,0.9565672984643323,0.00669790068846771,0.6791891745374763,0.012209430856070857,SVM,"{""clf__C"": 10.0, ""clf__gamma"": ""auto""}",True
0.5437700277024617,0.002917702642859229,0.0963855421686747,0.002833024864351028,0.9163113504092621,0.028460389345853866,0.17442365779160413,0.005154486103177071,0.8310143575963004,0.025478450501561285,0.3161177773909296,0.05057832372025341,IsolationForest,"{""clf__contamination"": 0.03, ""clf__max_samples"": 0.5, ""clf__n_estimators"": 200}",True
