model,best_params,best_cv_pr_auc_for_selection,accuracy_mean,accuracy_std,precision_mean,precision_std,recall_mean,recall_std,f1_mean,f1_std,roc_auc_mean,roc_auc_std,pr_auc_mean,pr_auc_std
DecisionTree,"{""clf__max_depth"": 10, ""clf__min_samples_leaf"": 10, ""clf__min_samples_split"": 2}",0.5357144016330724,0.9602808692805137,0.002062068363074017,0.6659452604636045,0.026570966409390953,0.49295695745541684,0.04554783996925361,0.5652387830037886,0.033631392044755716,0.9115342919125305,0.006279857095131419,0.5787619061657175,0.028865136404576778
SVM,"{""clf__C"": 10.0, ""clf__gamma"": ""auto""}",0.6424586691774417,0.9153682240083226,0.004993283582724327,0.37055295363246343,0.016567555917978358,0.8673306152936415,0.02966380683368094,0.5190647299772867,0.019029600969928798,0.9565138656251573,0.007086257606389517,0.6717692856851799,0.01600392305028273
IsolationForest,"{""clf__contamination"": 0.03, ""clf__max_samples"": 0.5, ""clf__n_estimators"": 200}",0.030606756866811358,0.5394491411270076,0.0015482044880275592,0.09206481096800997,0.0015002467873093332,0.8752170800784288,0.015339120433774068,0.16660433496367752,0.0027340811299371467,0.8059790173194562,0.02128166634026967,0.3102120817613324,0.04827565202355875
