experiment,description,n_cont_features,n_disc_features,features_used,accuracy_mean,accuracy_std,precision_mean,precision_std,recall_mean,recall_std,f1_mean,f1_std,roc_auc_mean,roc_auc_std,pr_auc_mean,pr_auc_std
remove operateSpeed and isPeakTime,remove operateSpeed and isPeakTime,8,3,DEP_LON;DEP_LAT;DEST_LON;DEST_LAT;Manhattan;DRIVE_MILE;DRIVE_TIME;PRICE;isLong;isTime;isWeekend,0.9259626870895893,0.003420047119306788,0.40616207535507004,0.011649101562585503,0.8783697986368304,0.013353851563249147,0.5553392890873308,0.010217864735425646,0.958950192046086,0.010353765011618677,0.6962625586054854,0.025821546221640637
None,remove nothing,9,4,DEP_LON;DEP_LAT;DEST_LON;DEST_LAT;Manhattan;DRIVE_MILE;DRIVE_TIME;PRICE;operateSpeed;isLong;isTime;isPeakTime;isWeekend,0.9245916513154937,0.005343371946766893,0.4004066792590855,0.019052880979140513,0.8641561109209175,0.025266785705834252,0.5469617753064497,0.018585640911234876,0.9565672984643323,0.00669790068846771,0.6791891745374763,0.012209430856070857
